LGA,
Hume,
Wyndham,
Brimbank,
Melbourne,
Moonee Valley,
Moreland,
Whittlesea,
Banyule,
Melton,
Casey,
Yarra,
Darebin,
Maribyrnong,
Stonnington,
Boroondara,
Hobsons Bay,
Monash,
Port Phillip,
Greater Geelong,
Interstate,
Whitehorse,
Manningham,
Glen Eira,
Mornington Peninsula,
Greater Dandenong,
Kingston,
Frankston,
Bayside,
Cardinia,
Nillumbik,
Knox,
Yarra Ranges,
Mitchell,
Maroondah,
Ballarat,
Greater Shepparton,
Greater Bendigo,
Macedon Ranges,
Wellington,
Colac Otway,
Latrobe,
Moira,
Surf Coast,
Baw Baw,
South Gippsland,
Bass Coast,
Golden Plains,
Horsham,
Moorabool,
Mount Alexander,
Ararat,
Campaspe,
Mildura,
Overseas,
Swan Hill,
Warrnambool,
Loddon,
Benalla,
Glenelg,
Mansfield,
Northern Grampians,
East Gippsland,
Gannawarra,
Hepburn,
Murrindindi,
Southern Gramp,
